{"data": [-0.36190873144737024, 0.10686947940355049, -1.017958418052325, -0.5884515657938244, -0.5854707274072212, -0.35587587339151944, 0.5854707274072483, -0.6571641504766578, -0.8959957864498492, -0.19871500031351094, 1.0, 1.0, 1.0, 1.0, 1.0, 1.0, 1.0], "indices": [0, 1, 2, 3, 4, 5, 6, 7, 8, 9, 10, 24, 194, 247, 250, 254, 256], "indptr": [0, 17], "shape": [1, 258]}